timestamp,pid,workingSetMB,privateMB,handles,threads
2026-06-06 19:18:16,60940,91.55,68.94,619,29
2026-06-06 19:18:26,60940,93.59,71.73,619,27
2026-06-06 19:18:36,60940,93.39,71.39,609,20
2026-06-06 19:18:46,60940,92.77,71.08,597,15
2026-06-06 19:18:56,60940,92.77,71.08,597,15
2026-06-06 19:19:04,11412,270.18,222.87,931,63
2026-06-06 19:19:06,60940,92.78,71.08,597,15
2026-06-06 19:19:14,11412,271.36,223.89,909,63
2026-06-06 19:19:16,60940,92.71,70.99,595,12
2026-06-06 19:19:24,11412,271,223.41,901,58
2026-06-06 19:19:26,60940,92.71,70.99,595,12
2026-06-06 19:19:34,11412,271.48,223.57,899,58
2026-06-06 19:19:36,60940,92.7,70.99,595,12
2026-06-06 19:19:44,11412,271.49,223.41,896,56
2026-06-06 19:19:46,60940,92.7,70.99,595,12
2026-06-06 19:19:54,11412,271.4,223.21,890,54
2026-06-06 19:19:56,60940,92.7,70.99,595,12
2026-06-06 19:20:04,11412,272.52,224.34,901,55
2026-06-06 19:20:06,60940,92.7,70.99,595,12
2026-06-06 19:20:14,11412,275.68,227.5,901,55
2026-06-06 19:20:16,60940,92.71,70.99,595,12
2026-06-06 19:20:24,11412,275.77,227.66,883,56
2026-06-06 19:20:26,60940,92.69,70.94,591,10
2026-06-06 19:20:34,11412,275.22,227.03,899,62
2026-06-06 19:20:36,60940,92.68,70.94,591,10
2026-06-06 19:20:44,11412,275.1,226.89,896,61
2026-06-06 19:20:46,60940,92.68,70.94,591,10
2026-06-06 19:20:54,11412,274.85,226.58,893,56
2026-06-06 19:20:56,60940,93.19,71.25,603,15
2026-06-06 19:21:04,11412,275.87,227.56,901,55
2026-06-06 19:21:06,60940,93.15,71.12,602,14
2026-06-06 19:21:14,11412,279.5,231.19,901,55
2026-06-06 19:21:16,60940,93.15,71.12,602,14
2026-06-06 19:21:24,11412,279.46,231.14,901,55
2026-06-06 19:21:26,60940,93.09,71.02,597,12
2026-06-06 19:21:34,11412,279.71,231.54,920,61
2026-06-06 19:21:36,60940,93.09,71.02,597,12
2026-06-06 19:21:44,11412,280.59,232.39,917,60
2026-06-06 19:21:47,60940,93.09,71.02,597,12
2026-06-06 19:21:54,11412,280.77,232.45,917,56
2026-06-06 19:21:57,60940,93.09,71.02,597,12
2026-06-06 19:22:04,11412,282.11,233.77,886,56
2026-06-06 19:22:07,60940,93.09,71.02,597,12
2026-06-06 19:22:14,11412,281.01,232.65,881,55
2026-06-06 19:22:17,60940,93.09,71.02,597,12
2026-06-06 19:22:24,11412,281.02,232.65,881,55
2026-06-06 19:22:27,60940,93.07,70.99,593,11
2026-06-06 19:22:34,11412,281.04,232.59,880,53
2026-06-06 19:22:37,60940,93.08,70.99,593,11
2026-06-06 19:22:44,11412,284.8,236.46,886,55
2026-06-06 19:22:47,60940,93.05,70.94,591,9
2026-06-06 19:22:54,11412,285.06,236.64,886,55
2026-06-06 19:22:57,60940,93.05,70.94,591,9
2026-06-06 19:23:04,11412,285.84,237.4,890,56
2026-06-06 19:23:07,60940,93.05,70.94,591,9
2026-06-06 19:23:15,11412,286.1,237.83,906,62
2026-06-06 19:23:17,60940,93.2,70.97,591,10
2026-06-06 19:23:25,11412,286.26,237.96,906,62
2026-06-06 19:23:27,60940,93.2,70.97,591,10
2026-06-06 19:23:35,11412,286.15,237.67,900,54
2026-06-06 19:23:37,60940,93.2,70.97,591,10
2026-06-06 19:23:45,11412,290.18,241.79,889,55
2026-06-06 19:23:47,60940,93.2,70.97,591,10
2026-06-06 19:23:55,11412,290.11,241.7,886,54
2026-06-06 19:23:57,60940,93.2,70.97,591,10
2026-06-06 19:24:05,11412,290.16,241.75,889,55
2026-06-06 19:24:07,60940,93.2,70.97,591,10
2026-06-06 19:24:15,11412,289.34,241.33,902,60
2026-06-06 19:24:17,60940,93.2,70.97,591,10
2026-06-06 19:24:25,11412,289.41,241.33,902,60
2026-06-06 19:24:27,60940,93.21,70.97,591,10
2026-06-06 19:24:35,11412,289.33,241.13,905,56
2026-06-06 19:24:37,60940,93.21,70.97,591,10
2026-06-06 19:24:45,11412,295.21,246.86,925,60
2026-06-06 19:24:47,60940,93.27,71,595,11
2026-06-06 19:24:55,11412,295.27,246.86,925,60
2026-06-06 19:24:57,60940,93.27,71,589,11
2026-06-06 19:25:05,11412,295.12,246.6,925,55
2026-06-06 19:25:07,60940,93.27,71,589,11
2026-06-06 19:25:15,11412,294.09,245.55,923,54
2026-06-06 19:25:17,60940,93.27,71,589,11
2026-06-06 19:25:25,11412,294.09,245.55,923,54
2026-06-06 19:25:27,60940,93.27,71,589,11
2026-06-06 19:25:35,11412,294.16,245.54,917,53
2026-06-06 19:25:37,60940,93.27,71,589,11
2026-06-06 19:25:45,11412,299.42,250.88,886,54
2026-06-06 19:25:47,60940,93.27,71,589,11
2026-06-06 19:25:55,11412,299.45,250.92,889,55
2026-06-06 19:25:57,60940,93.27,71,589,11
2026-06-06 19:26:05,11412,299.45,250.92,889,55
2026-06-06 19:26:07,60940,93.24,70.94,585,9
2026-06-06 19:26:15,11412,298.6,250.05,890,56
2026-06-06 19:26:17,60940,93.24,70.94,585,9
2026-06-06 19:26:25,11412,298.48,249.89,887,54
2026-06-06 19:26:27,60940,93.24,70.94,585,9
2026-06-06 19:26:35,11412,298.39,249.76,887,52
2026-06-06 19:26:37,60940,93.24,70.94,585,9
2026-06-06 19:26:45,11412,301.19,252.67,898,55
2026-06-06 19:26:47,60940,93.24,70.94,585,9
2026-06-06 19:26:55,11412,301.21,252.67,898,55
2026-06-06 19:26:57,60940,93.24,70.94,585,9
2026-06-06 19:27:05,11412,301.24,252.72,901,56
2026-06-06 19:27:07,60940,93.24,70.94,585,9
2026-06-06 19:27:15,11412,300.64,252.23,905,61
2026-06-06 19:27:17,60940,93.25,70.94,585,9
2026-06-06 19:27:25,11412,300.86,252.42,905,61
2026-06-06 19:27:27,60940,93.25,70.94,585,9
2026-06-06 19:27:35,11412,300.8,252.23,899,54
2026-06-06 19:27:37,60940,93.25,70.94,585,9
2026-06-06 19:27:45,11412,306.85,258.38,907,54
2026-06-06 19:27:47,60940,93.25,70.94,585,9
2026-06-06 19:27:55,11412,307.68,259.19,907,54
2026-06-06 19:27:57,60940,93.25,70.94,585,9
2026-06-06 19:28:05,11412,308.52,260.48,910,55
2026-06-06 19:28:07,60940,93.25,70.94,585,9
2026-06-06 19:28:15,11412,308.14,259.89,926,61
2026-06-06 19:28:17,60940,93.28,70.99,585,11
2026-06-06 19:28:25,11412,308.15,259.89,926,61
2026-06-06 19:28:27,60940,93.28,70.99,585,11
2026-06-06 19:28:35,11412,308.04,259.68,926,57
2026-06-06 19:28:37,60940,93.27,70.99,585,11
2026-06-06 19:28:45,11412,309.89,261.6,934,57
2026-06-06 19:28:47,60940,93.27,70.99,585,11
2026-06-06 19:28:55,11412,310.9,262.6,934,57
2026-06-06 19:28:57,60940,93.27,71,585,11
2026-06-06 19:29:05,11412,310.83,262.48,922,55
2026-06-06 19:29:07,60940,93.27,71,585,11
2026-06-06 19:29:15,11412,309.97,261.71,935,60
2026-06-06 19:29:17,60940,93.27,71,585,11
2026-06-06 19:29:25,11412,309.97,261.71,935,60
2026-06-06 19:29:27,60940,93.24,70.94,585,9
2026-06-06 19:29:35,11412,309.85,261.53,932,56
2026-06-06 19:29:37,60940,93.24,70.94,585,9
2026-06-06 19:29:45,11412,311.64,263.35,937,55
2026-06-06 19:29:47,60940,93.24,70.94,585,9
2026-06-06 19:29:55,11412,312.65,264.36,937,55
2026-06-06 19:29:57,60940,93.23,70.94,585,9
2026-06-06 19:30:05,11412,312.65,264.36,937,55
2026-06-06 19:30:07,60940,93.24,70.94,585,9
2026-06-06 19:30:15,11412,311.75,263.46,938,56
2026-06-06 19:30:17,60940,93.24,70.94,585,9
2026-06-06 19:30:25,11412,328.86,279.89,965,63
2026-06-06 19:30:27,60940,93.24,70.94,585,9
2026-06-06 19:30:35,11412,330.44,281.42,973,63
2026-06-06 19:30:37,60940,93.24,70.94,585,9
2026-06-06 19:30:45,11412,330.94,281.91,952,59
2026-06-06 19:30:47,60940,93.24,70.94,585,9
2026-06-06 19:30:55,11412,333.43,284.36,949,58
2026-06-06 19:30:57,60940,93.25,70.97,585,10
2026-06-06 19:31:05,11412,332.28,283.1,937,56
2026-06-06 19:31:07,60940,93.25,70.97,585,10
2026-06-06 19:31:15,11412,331.56,282.41,944,61
2026-06-06 19:31:17,60940,93.25,70.97,585,10
2026-06-06 19:31:25,11412,332.93,284.03,941,60
2026-06-06 19:31:27,60940,93.25,70.97,585,10
2026-06-06 19:31:35,11412,334.79,285.77,939,62
2026-06-06 19:31:37,60940,93.25,70.97,585,10
2026-06-06 19:31:45,11412,333.97,284.86,953,64
2026-06-06 19:31:47,60940,93.25,70.97,585,10
2026-06-06 19:31:55,11412,336.47,287.3,948,63
2026-06-06 19:31:57,60940,93.25,70.97,585,10
2026-06-06 19:32:05,11412,335.47,286.14,921,56
2026-06-06 19:32:07,60940,93.25,70.97,585,10
2026-06-06 19:32:15,11412,337.5,288.5,925,58
2026-06-06 19:32:17,60940,93.27,70.97,585,10
2026-06-06 19:32:25,11412,337.62,288.62,925,58
2026-06-06 19:32:27,60940,93.27,70.97,585,10
2026-06-06 19:32:35,11412,337.59,288.52,922,57
2026-06-06 19:32:37,60940,93.27,70.97,585,10
2026-06-06 19:32:45,11412,338.05,288.89,942,62
2026-06-06 19:32:47,60940,93.25,70.94,585,9
2026-06-06 19:32:55,11412,339.82,290.56,939,61
2026-06-06 19:32:57,60940,93.25,70.94,585,9
2026-06-06 19:33:05,11412,338.31,289.23,926,58
2026-06-06 19:33:07,60940,93.25,70.94,585,9
2026-06-06 19:33:15,11412,340.12,291.07,923,58
2026-06-06 19:33:17,60940,93.25,70.94,585,9
2026-06-06 19:33:25,11412,338.92,289.77,918,55
2026-06-06 19:33:27,60940,93.25,70.94,585,9
2026-06-06 19:33:35,11412,338.99,289.82,921,56
2026-06-06 19:33:37,60940,93.25,70.94,585,9
2026-06-06 19:33:45,11412,339.35,290.22,946,62
2026-06-06 19:33:47,60940,93.25,70.94,585,9
2026-06-06 19:33:55,11412,339.76,290.44,944,61
2026-06-06 19:33:57,60940,93.25,70.94,585,9
2026-06-06 19:34:05,11412,340.68,291.53,947,61
2026-06-06 19:34:07,60940,93.25,70.94,585,9
2026-06-06 19:34:16,11412,339.83,290.61,944,58
2026-06-06 19:34:17,60940,93.25,70.94,585,9
2026-06-06 19:34:26,11412,338.8,289.5,942,56
2026-06-06 19:34:27,60940,93.26,70.94,585,9
2026-06-06 19:34:36,11412,338.84,289.5,942,56
2026-06-06 19:34:37,60940,93.26,70.94,585,9
2026-06-06 19:34:46,11412,338.79,289.35,930,54
2026-06-06 19:34:48,60940,93.26,70.94,585,9
2026-06-06 19:34:56,11412,340.92,291.36,926,54
2026-06-06 19:34:58,60940,93.26,70.94,585,9
2026-06-06 19:35:06,11412,341.47,292.09,932,56
2026-06-06 19:35:08,60940,93.26,70.94,585,9
2026-06-06 19:35:16,11412,341.48,292.09,932,56
2026-06-06 19:35:18,60940,93.26,70.94,585,9
2026-06-06 19:35:26,11412,340.62,291.34,945,61
2026-06-06 19:35:28,60940,93.26,70.94,585,9
2026-06-06 19:35:36,11412,340.63,291.34,945,61
2026-06-06 19:35:38,60940,93.26,70.94,585,9
2026-06-06 19:35:46,11412,340.41,290.94,939,54
2026-06-06 19:35:48,60940,93.26,70.94,585,9
2026-06-06 19:35:56,11412,341.07,291.46,947,54
2026-06-06 19:35:58,60940,93.26,70.94,585,9
2026-06-06 19:36:06,11412,325.95,276.39,947,54
2026-06-06 19:36:08,60940,93.26,70.94,585,9
2026-06-06 19:36:16,11412,330.04,281.11,956,57
2026-06-06 19:36:18,60940,93.26,70.94,585,9
2026-06-06 19:36:26,11412,330.2,281.68,948,62
2026-06-06 19:36:28,60940,93.26,70.94,585,9
2026-06-06 19:36:36,11412,330.3,282.39,948,62
2026-06-06 19:36:38,60940,93.26,70.94,585,9
2026-06-06 19:36:46,11412,330.15,282.14,942,55
2026-06-06 19:36:48,60940,93.26,70.94,585,9
2026-06-06 19:36:56,11412,336.98,288.17,953,56
2026-06-06 19:36:58,60940,93.26,70.94,585,9
2026-06-06 19:37:06,11412,337.11,288.17,953,56
2026-06-06 19:37:08,60940,93.26,70.94,585,9
2026-06-06 19:37:16,11412,337.32,288.26,956,57
2026-06-06 19:37:18,60940,93.26,70.94,585,9
2026-06-06 19:37:26,11412,336.27,287.11,951,55
2026-06-06 19:37:28,60940,93.26,70.94,585,9
2026-06-06 19:37:36,11412,336.28,287.06,951,54
2026-06-06 19:37:38,60940,93.26,70.94,585,9
2026-06-06 19:37:46,11412,336.34,287.12,954,55
2026-06-06 19:37:48,60940,93.26,70.94,585,9
2026-06-06 19:37:56,11412,338.65,289.02,902,62
2026-06-06 19:37:58,60940,93.26,70.94,585,9
2026-06-06 19:38:06,11412,338.68,289.02,902,62
2026-06-06 19:38:08,60940,93.26,70.94,585,9
2026-06-06 19:38:16,11412,338.55,288.77,899,57
2026-06-06 19:38:18,60940,93.25,70.94,585,9
2026-06-06 19:38:26,11412,337.57,287.77,897,57
2026-06-06 19:38:28,60940,93.25,70.94,585,9
2026-06-06 19:38:36,11412,337.5,287.64,891,55
2026-06-06 19:38:38,60940,93.25,70.94,585,9
2026-06-06 19:38:46,11412,337.52,287.64,891,55
2026-06-06 19:38:48,60940,93.26,70.97,585,10
2026-06-06 19:38:56,11412,338.46,288.6,893,54
2026-06-06 19:38:58,60940,93.22,70.97,585,10
2026-06-06 19:39:06,11412,338.51,288.65,896,55
2026-06-06 19:39:08,60940,93.22,70.97,585,10
2026-06-06 19:39:16,11412,338.54,288.7,899,56
2026-06-06 19:39:18,60940,93.22,70.97,585,10
2026-06-06 19:39:26,11412,337.69,287.95,913,61
2026-06-06 19:39:28,60940,93.21,70.97,585,10
2026-06-06 19:39:36,11412,337.69,287.95,913,61
2026-06-06 19:39:38,60940,93.21,70.97,585,10
2026-06-06 19:39:46,11412,337.97,288.13,916,56
2026-06-06 19:39:48,60940,93.21,70.97,585,10
2026-06-06 19:39:56,11412,338.86,289.05,882,55
2026-06-06 19:39:58,60940,93.21,70.97,585,10
2026-06-06 19:40:06,11412,339.87,290.06,882,55
2026-06-06 19:40:08,60940,93.21,70.97,585,10
2026-06-06 19:40:16,11412,339.87,290.06,882,55
2026-06-06 19:40:18,60940,93.21,70.97,585,10
2026-06-06 19:40:26,11412,339,289.25,889,58
2026-06-06 19:40:28,60940,93.21,70.97,585,10
2026-06-06 19:40:36,11412,338.93,289.16,886,57
2026-06-06 19:40:38,60940,93.2,70.94,585,9
2026-06-06 19:40:46,11412,338.84,289.03,880,55
2026-06-06 19:40:48,60940,93.2,70.94,585,9
2026-06-06 19:40:56,11412,339.12,289.45,909,62
2026-06-06 19:40:58,60940,93.19,70.94,585,9
2026-06-06 19:41:06,11412,340.05,290.36,906,61
2026-06-06 19:41:08,60940,93.19,70.94,585,9
2026-06-06 19:41:16,11412,339.92,290.15,906,57
2026-06-06 19:41:18,60940,93.14,70.94,585,9
2026-06-06 19:41:26,11412,338.93,289.14,889,56
2026-06-06 19:41:28,60940,93.13,70.94,585,9
2026-06-06 19:41:36,11412,339.55,289.94,886,55
2026-06-06 19:41:38,60940,93.13,70.94,585,9
2026-06-06 19:41:46,11412,340.23,290.82,886,54
2026-06-06 19:41:48,60940,93.13,70.94,585,9
2026-06-06 19:41:56,11412,340.66,290.91,891,55
2026-06-06 19:41:58,60940,93.13,70.94,585,9
2026-06-06 19:42:06,11412,341.65,291.92,894,56
2026-06-06 19:42:08,60940,93.13,70.94,585,9
2026-06-06 19:42:16,11412,341.73,292.01,897,57
2026-06-06 19:42:18,60940,93.13,70.94,585,9
2026-06-06 19:42:26,11412,340.75,291,895,57
2026-06-06 19:42:28,60940,93.13,70.94,585,9
2026-06-06 19:42:36,11412,340.69,290.91,892,56
2026-06-06 19:42:38,60940,93.13,70.94,585,9
2026-06-06 19:42:46,11412,340.64,290.82,892,54
2026-06-06 19:42:48,60940,93.13,70.94,585,9
2026-06-06 19:42:56,11412,340.63,290.79,891,54
2026-06-06 19:42:58,60940,93.13,70.94,585,9
2026-06-06 19:43:06,11412,342.65,292.81,879,56
2026-06-06 19:43:08,60940,93.13,70.94,585,9
2026-06-06 19:43:16,11412,342.66,292.84,879,56
2026-06-06 19:43:18,60940,93.13,70.94,585,9
2026-06-06 19:43:26,11412,341.8,292.09,892,61
2026-06-06 19:43:28,60940,93.13,70.94,585,9
2026-06-06 19:43:36,11412,341.8,292.09,892,61
2026-06-06 19:43:38,60940,93.13,70.94,585,9
2026-06-06 19:43:46,11412,341.7,291.88,895,56
2026-06-06 19:43:48,60940,93.13,70.94,585,9
2026-06-06 19:43:56,11412,341.78,291.94,903,56
2026-06-06 19:43:58,60940,93.13,70.94,585,9
2026-06-06 19:44:06,11412,341.99,292.13,900,55
2026-06-06 19:44:08,60940,93.13,70.94,585,9
2026-06-06 19:44:16,11412,342,292.15,900,56
2026-06-06 19:44:18,60940,93.12,70.94,585,9
2026-06-06 19:44:26,11412,342.32,292.6,900,62
2026-06-06 19:44:28,60940,93.12,70.94,585,9
2026-06-06 19:44:36,11412,341.32,291.59,898,62
2026-06-06 19:44:38,60940,93.12,70.94,585,9
2026-06-06 19:44:46,11412,342.02,292.22,898,58
2026-06-06 19:44:48,60940,92.39,70.16,585,9
2026-06-06 19:44:56,11412,341.97,292.13,900,56
2026-06-06 19:44:58,60940,92.39,70.16,585,9
2026-06-06 19:45:06,11412,343.81,293.97,900,56
2026-06-06 19:45:08,60940,92.39,70.16,585,9
2026-06-06 19:45:16,11412,343.81,293.97,900,56
2026-06-06 19:45:18,60940,92.39,70.16,585,9
2026-06-06 19:45:26,11412,343.93,294.2,918,61
2026-06-06 19:45:28,60940,92.39,70.16,585,9
2026-06-06 19:45:36,11412,342.93,293.2,916,61
2026-06-06 19:45:38,60940,92.39,70.16,585,9
2026-06-06 19:45:46,11412,342.82,293,916,57
2026-06-06 19:45:48,60940,92.39,70.16,585,9
2026-06-06 19:45:56,11412,342.79,292.91,923,55
2026-06-06 19:45:58,60940,92.39,70.16,585,9
2026-06-06 19:46:06,11412,343.85,294.01,930,57
2026-06-06 19:46:08,60940,92.39,70.16,585,9
2026-06-06 19:46:16,11412,345.09,295.27,891,57
2026-06-06 19:46:18,60940,92.39,70.16,585,9
2026-06-06 19:46:26,11412,345.09,295.27,891,57
2026-06-06 19:46:28,60940,92.39,70.16,585,9
2026-06-06 19:46:36,11412,343.05,293.2,889,56
2026-06-06 19:46:38,60940,92.39,70.16,585,9
2026-06-06 19:46:47,11412,343.02,293.16,889,55
2026-06-06 19:46:48,60940,92.39,70.16,585,9
2026-06-06 19:46:57,11412,342.99,293.11,889,54
2026-06-06 19:46:58,60940,92.39,70.16,585,9
2026-06-06 19:47:07,11412,345.06,295.16,897,56
2026-06-06 19:47:08,60940,92.39,70.16,585,9
2026-06-06 19:47:17,11412,345.06,295.16,897,56
2026-06-06 19:47:18,60940,92.39,70.16,585,9
2026-06-06 19:47:27,11412,345.07,295.16,897,56
2026-06-06 19:47:28,60940,92.39,70.16,585,9
2026-06-06 19:47:37,11412,344.18,294.35,907,60
2026-06-06 19:47:38,60940,92.39,70.16,585,9
2026-06-06 19:47:47,11412,344.19,294.35,907,60
2026-06-06 19:47:49,60940,92.39,70.16,585,9
2026-06-06 19:47:57,11412,344.08,294.18,901,57
2026-06-06 19:47:59,60940,92.39,70.16,585,9
2026-06-06 19:48:07,11412,347.94,297.92,897,55
2026-06-06 19:48:09,60940,92.39,70.16,585,9
2026-06-06 19:48:17,11412,347.94,297.92,897,55
2026-06-06 19:48:19,60940,92.39,70.16,585,9
2026-06-06 19:48:27,11412,347.97,297.97,900,56
2026-06-06 19:48:29,60940,92.39,70.16,585,9
2026-06-06 19:48:37,11412,347.12,297.21,913,61
2026-06-06 19:48:39,60940,92.39,70.16,585,9
2026-06-06 19:48:47,11412,347.14,297.21,913,61
2026-06-06 19:48:49,60940,91.11,68.86,585,9
2026-06-06 19:48:57,11412,346.98,296.94,907,56
2026-06-06 19:48:59,60940,91.11,68.86,585,9
2026-06-06 19:49:07,11412,348.15,297.98,915,56
2026-06-06 19:49:09,60940,91.11,68.86,585,9
2026-06-06 19:49:17,11412,348.16,297.98,915,56
2026-06-06 19:49:19,60940,91.11,68.86,585,9
2026-06-06 19:49:27,11412,348.12,297.92,897,55
2026-06-06 19:49:29,60940,91.11,68.86,585,9
2026-06-06 19:49:37,11412,347.15,296.96,898,56
2026-06-06 19:49:39,60940,91.11,68.86,585,9
2026-06-06 19:49:47,11412,347.3,297.14,898,56
2026-06-06 19:49:49,60940,91.11,68.86,585,9
2026-06-06 19:49:57,11412,350.16,300.1,898,55
2026-06-06 19:49:59,60940,91.11,68.86,585,9
2026-06-06 19:50:07,11412,340.52,290.59,903,55
2026-06-06 19:50:09,60940,91.11,68.86,585,9
2026-06-06 19:50:17,11412,340.61,290.67,906,56
2026-06-06 19:50:19,60940,91.11,68.86,585,9
2026-06-06 19:50:27,11412,340.62,290.67,906,56
2026-06-06 19:50:29,60940,91.11,68.86,585,9
2026-06-06 19:50:37,11412,339.63,289.67,904,56
2026-06-06 19:50:39,60940,91.11,68.86,585,9
2026-06-06 19:50:47,11412,339.62,289.62,904,55
2026-06-06 19:50:49,60940,91.11,68.86,585,9
2026-06-06 19:50:57,11412,339.66,289.7,904,55
2026-06-06 19:50:59,60940,91.11,68.86,585,9
2026-06-06 19:51:07,11412,340.84,290.75,909,55
2026-06-06 19:51:09,60940,91.11,68.86,585,9
2026-06-06 19:51:17,11412,341.93,291.82,912,56
2026-06-06 19:51:19,60940,91.11,68.86,585,9
2026-06-06 19:51:27,11412,341.97,291.82,912,56
2026-06-06 19:51:29,60940,91.11,68.86,585,9
2026-06-06 19:51:37,11412,341.15,291.05,925,61
2026-06-06 19:51:39,60940,91.11,68.86,585,9
2026-06-06 19:51:47,11412,341.17,291.05,925,61
2026-06-06 19:51:49,60940,91.11,68.86,585,9
2026-06-06 19:51:57,11412,341.03,290.76,925,55
2026-06-06 19:51:59,60940,91.11,68.86,585,9
2026-06-06 19:52:07,11412,341.14,290.79,933,55
2026-06-06 19:52:09,60940,91.11,68.86,585,9
2026-06-06 19:52:17,11412,342.14,291.8,933,55
2026-06-06 19:52:19,60940,91.11,68.86,585,9
2026-06-06 19:52:27,11412,343.17,292.86,936,56
2026-06-06 19:52:29,60940,91.11,68.86,585,9
2026-06-06 19:52:37,11412,342.75,292.52,946,60
2026-06-06 19:52:39,60940,90.91,68.67,585,9
2026-06-06 19:52:47,11412,342.75,292.52,910,60
2026-06-06 19:52:49,60940,90.91,68.67,585,9
2026-06-06 19:52:57,11412,342.55,292.21,904,55
2026-06-06 19:52:59,60940,90.91,68.67,585,9
2026-06-06 19:53:07,11412,343.62,293.28,918,57
2026-06-06 19:53:09,60940,91.1,68.67,585,9
2026-06-06 19:53:17,11412,344.55,294.2,915,56
2026-06-06 19:53:19,60940,90.9,68.48,496,10
2026-06-06 19:53:27,11412,344.54,294.2,915,56
2026-06-06 19:53:29,60940,90.89,68.48,496,10
2026-06-06 19:53:37,11412,344.53,294.14,915,55
2026-06-06 19:53:39,60940,90.89,68.48,496,10
2026-06-06 19:53:47,11412,343.52,293.14,913,55
2026-06-06 19:53:49,60940,90.89,68.48,496,10
2026-06-06 19:53:57,11412,343.52,293.14,913,55
2026-06-06 19:53:59,60940,90.89,68.48,496,10
2026-06-06 19:54:07,11412,338.73,288.33,916,56
2026-06-06 19:54:09,60940,90.89,68.48,496,10
2026-06-06 19:54:17,11412,340.05,289.74,888,57
2026-06-06 19:54:19,60940,90.88,68.48,496,10
2026-06-06 19:54:27,11412,340.04,289.72,888,57
2026-06-06 19:54:29,60940,90.88,68.48,496,10
2026-06-06 19:54:37,11412,339.99,289.72,888,57
2026-06-06 19:54:39,60940,90.86,68.48,496,10
2026-06-06 19:54:47,11412,338.93,288.62,886,55
2026-06-06 19:54:49,60940,90.87,68.48,496,10
2026-06-06 19:54:57,11412,338.9,288.57,886,54
2026-06-06 19:54:59,60940,90.87,68.48,496,10
2026-06-06 19:55:07,11412,338.91,288.57,888,54
2026-06-06 19:55:09,60940,90.85,68.46,496,9
2026-06-06 19:55:17,11412,339.97,289.67,894,56
2026-06-06 19:55:19,60940,90.85,68.46,496,9
2026-06-06 19:55:27,11412,339.97,289.67,894,56
2026-06-06 19:55:29,60940,90.85,68.46,496,9
2026-06-06 19:55:37,11412,340.16,289.99,912,62
2026-06-06 19:55:39,60940,90.85,68.46,496,9
2026-06-06 19:55:47,11412,339.15,288.98,901,62
2026-06-06 19:55:49,60940,90.85,68.46,496,9
2026-06-06 19:55:57,11412,339.09,288.84,904,58
2026-06-06 19:55:59,60940,90.85,68.46,496,9
2026-06-06 19:56:07,11412,338.91,288.57,902,54
2026-06-06 19:56:09,60940,90.85,68.46,496,9
2026-06-06 19:56:17,11412,339.9,289.57,903,54
2026-06-06 19:56:19,60940,90.85,68.46,496,9
2026-06-06 19:56:27,11412,339.93,289.62,906,55
2026-06-06 19:56:29,60940,90.84,68.46,496,9
2026-06-06 19:56:37,11412,339.95,289.67,909,56
2026-06-06 19:56:39,60940,90.85,68.46,496,9
2026-06-06 19:56:47,11412,339.12,288.96,925,62
2026-06-06 19:56:49,60940,90.85,68.46,496,9
2026-06-06 19:56:57,11412,339.11,288.96,925,62
2026-06-06 19:56:59,60940,90.84,68.46,496,9
2026-06-06 19:57:07,11412,338.91,288.64,919,56
2026-06-06 19:57:09,60940,90.84,68.46,496,9
2026-06-06 19:57:17,11412,340.29,290.09,921,56
2026-06-06 19:57:19,60940,90.82,68.46,496,9
2026-06-06 19:57:27,11412,340.29,290.09,882,56
2026-06-06 19:57:29,60940,90.84,68.48,496,10
2026-06-06 19:57:37,11412,340.24,290.04,882,55
2026-06-06 19:57:39,60940,90.84,68.48,496,10
2026-06-06 19:57:47,11412,339.43,289.38,901,62
2026-06-06 19:57:49,60940,90.84,68.48,496,10
2026-06-06 19:57:57,11412,339.4,289.38,901,62
2026-06-06 19:57:59,60940,90.85,68.49,496,10
2026-06-06 19:58:07,11412,339.27,289.13,901,57
2026-06-06 19:58:09,60940,90.85,68.49,496,10
2026-06-06 19:58:17,11412,342.09,291.94,909,57
2026-06-06 19:58:19,60940,90.85,68.49,496,10
2026-06-06 19:58:27,11412,342.82,292.69,909,57
2026-06-06 19:58:29,60940,90.85,68.49,496,10
2026-06-06 19:58:37,11412,343.53,293.33,909,56
2026-06-06 19:58:39,60940,90.85,68.49,496,10
2026-06-06 19:58:47,11412,342.86,292.63,880,55
2026-06-06 19:58:49,60940,90.85,68.49,496,10
2026-06-06 19:58:57,11412,342.86,292.63,880,55
2026-06-06 19:58:59,60940,90.85,68.49,496,10
2026-06-06 19:59:07,11412,342.8,292.55,874,54
2026-06-06 19:59:09,60940,90.85,68.49,496,10
2026-06-06 19:59:17,11412,343.38,293.67,888,56
2026-06-06 19:59:19,60940,90.57,68.49,496,10
2026-06-06 19:59:27,11412,343.38,293.67,888,56
2026-06-06 19:59:29,60940,90.58,68.49,496,10
2026-06-06 19:59:37,11412,343.38,293.67,888,56
2026-06-06 19:59:39,60940,90.57,68.46,496,9
2026-06-06 19:59:48,11412,347.36,298.04,983,63
2026-06-06 19:59:49,60940,90.57,68.46,496,9
2026-06-06 19:59:58,11412,350.54,301,988,63
2026-06-06 19:59:59,60940,90.57,68.46,496,9
2026-06-06 20:00:08,11412,206.08,155.33,931,62
2026-06-06 20:00:09,60940,90.57,68.46,496,9
2026-06-06 20:00:18,11412,273.36,227.38,989,64
2026-06-06 20:00:19,60940,90.57,68.46,496,9
2026-06-06 20:00:28,11412,287.4,241.4,987,63
2026-06-06 20:00:29,60940,90.57,68.46,496,9
2026-06-06 20:00:38,11412,289.68,240.68,952,57
2026-06-06 20:00:40,60940,90.57,68.46,496,9
2026-06-06 20:00:48,11412,289.39,239.91,965,62
2026-06-06 20:00:50,60940,90.57,68.46,496,9
2026-06-06 20:00:58,11412,291.84,241.25,952,63
2026-06-06 20:01:00,60940,90.57,68.46,496,9
2026-06-06 20:01:08,11412,296.7,246.11,1010,67
2026-06-06 20:01:10,60940,90.57,68.46,496,9
2026-06-06 20:01:18,11412,304,253.12,1018,67
2026-06-06 20:01:20,60940,90.57,68.46,496,9
2026-06-06 20:01:28,11412,309.18,258.18,1016,65
2026-06-06 20:01:30,60940,90.57,68.46,496,9
2026-06-06 20:01:38,11412,311.91,261.11,1019,65
2026-06-06 20:01:40,60940,90.57,68.46,496,9
2026-06-06 20:01:48,11412,311.13,260.11,1017,65
2026-06-06 20:01:50,60940,90.57,68.46,496,9
2026-06-06 20:01:58,11412,310.97,259.9,1005,63
2026-06-06 20:02:00,60940,90.57,68.46,496,9
2026-06-06 20:02:08,11412,310.8,259.64,987,60
2026-06-06 20:02:10,60940,90.57,68.46,496,9
2026-06-06 20:02:18,11412,312.67,261.52,967,60
2026-06-06 20:02:20,60940,90.57,68.46,496,9
2026-06-06 20:02:28,11412,315.34,264.41,965,60
2026-06-06 20:02:30,60940,90.57,68.46,496,9
2026-06-06 20:02:38,11412,315.65,264.96,968,61
2026-06-06 20:02:40,60940,90.57,68.46,496,9
2026-06-06 20:02:48,11412,316,265.49,985,66
2026-06-06 20:02:50,60940,90.57,68.46,496,9
2026-06-06 20:02:58,11412,315.22,264.48,983,66
2026-06-06 20:03:00,60940,90.57,68.46,496,9
2026-06-06 20:03:08,11412,315.21,264.25,977,62
2026-06-06 20:03:10,60940,90.57,68.46,496,9
2026-06-06 20:03:18,11412,315.97,265,975,60
2026-06-06 20:03:20,60940,90.57,68.46,496,9
2026-06-06 20:03:28,11412,318.05,267.01,975,60
2026-06-06 20:03:30,60940,90.57,68.46,496,9
2026-06-06 20:03:38,11412,318.12,267.01,975,60
2026-06-06 20:03:40,60940,90.57,68.46,496,9
2026-06-06 20:03:48,11412,318.29,267.3,993,66
2026-06-06 20:03:50,60940,90.57,68.46,496,9
2026-06-06 20:03:58,11412,317.29,266.3,991,66
2026-06-06 20:04:00,60940,90.57,68.46,496,9
2026-06-06 20:04:08,11412,317.18,266.11,991,62
2026-06-06 20:04:10,60940,90.57,68.46,496,9
2026-06-06 20:04:18,11412,317.52,266.54,1006,66
2026-06-06 20:04:20,60940,90.57,68.46,496,9
2026-06-06 20:04:28,11412,324.72,273.78,975,66
2026-06-06 20:04:30,60940,90.57,68.46,496,9
2026-06-06 20:04:38,11412,325.28,274.23,969,62
2026-06-06 20:04:40,60940,90.57,68.46,496,9
2026-06-06 20:04:48,11412,326,274.94,969,61
2026-06-06 20:04:50,60940,90.57,68.46,496,9
2026-06-06 20:04:58,11412,326.89,275.92,967,60
2026-06-06 20:05:00,60940,90.57,68.46,496,9
2026-06-06 20:05:08,11412,328.02,277.07,967,60
2026-06-06 20:05:10,60940,90.57,68.46,496,9
2026-06-06 20:05:18,11412,328.52,277.56,967,60
2026-06-06 20:05:20,60940,90.57,68.46,496,9
2026-06-06 20:05:28,11412,333.43,282.42,972,60
2026-06-06 20:05:30,60940,90.57,68.46,496,9
2026-06-06 20:05:38,11412,332.4,281.38,975,61
2026-06-06 20:05:40,60940,90.57,68.46,496,9
2026-06-06 20:05:48,11412,332.41,281.38,975,61
2026-06-06 20:05:50,60940,90.57,68.46,496,9
2026-06-06 20:05:58,11412,331.44,280.41,973,61
2026-06-06 20:06:00,60940,90.57,68.46,496,9
2026-06-06 20:06:08,11412,331.5,280.74,973,61
2026-06-06 20:06:10,60940,90.57,68.46,496,9
2026-06-06 20:06:18,11412,331.53,281.02,973,60
2026-06-06 20:06:20,60940,90.57,68.46,496,9
2026-06-06 20:06:28,11412,336.71,285.94,924,61
2026-06-06 20:06:30,60940,90.57,68.46,496,9
2026-06-06 20:06:38,11412,336.75,285.99,927,62
2026-06-06 20:06:40,60940,90.57,68.46,496,9
2026-06-06 20:06:48,11412,336.72,285.92,924,61
2026-06-06 20:06:50,60940,90.57,68.46,496,9
2026-06-06 20:06:58,11412,335.91,285.21,940,67
2026-06-06 20:07:00,60940,90.57,68.46,496,9
2026-06-06 20:07:08,11412,335.92,285.21,940,67
2026-06-06 20:07:10,60940,90.57,68.46,496,9
2026-06-06 20:07:18,11412,335.71,284.88,934,61
2026-06-06 20:07:20,60940,90.57,68.46,496,9
2026-06-06 20:07:28,11412,337.71,286.87,927,61
2026-06-06 20:07:30,60940,90.57,68.46,496,9
2026-06-06 20:07:38,11412,337.73,286.87,927,61
2026-06-06 20:07:40,60940,90.57,68.46,496,9
2026-06-06 20:07:48,11412,337.71,286.83,924,61
2026-06-06 20:07:50,60940,90.57,68.46,496,9
2026-06-06 20:07:58,11412,336.89,286.13,940,67
2026-06-06 20:08:00,60940,90.57,68.46,496,9
2026-06-06 20:08:08,11412,336.9,286.13,940,67
2026-06-06 20:08:10,60940,90.57,68.46,496,9
2026-06-06 20:08:18,11412,336.85,286.25,940,60
2026-06-06 20:08:20,60940,90.57,68.46,496,9
2026-06-06 20:08:28,11412,340.44,289.62,954,62
2026-06-06 20:08:30,60940,90.57,68.46,496,9
2026-06-06 20:08:38,11412,340.45,289.62,954,62
2026-06-06 20:08:40,60940,90.57,68.46,496,9
2026-06-06 20:08:48,11412,340.44,289.57,954,61
2026-06-06 20:08:50,60940,90.57,68.46,496,9
2026-06-06 20:08:58,11412,339.42,288.52,931,60
2026-06-06 20:09:00,60940,90.55,68.46,496,9
2026-06-06 20:09:08,11412,339.43,288.52,931,60
2026-06-06 20:09:10,60940,90.55,68.46,496,9
2026-06-06 20:09:18,11412,339.47,289.04,931,60
2026-06-06 20:09:20,60940,90.55,68.46,496,9
2026-06-06 20:09:28,11412,341.71,291.02,948,65
2026-06-06 20:09:30,60940,90.55,68.46,496,9
2026-06-06 20:09:38,11412,341.79,290.86,948,65
2026-06-06 20:09:40,60940,90.55,68.46,496,9
2026-06-06 20:09:48,11412,341.74,290.71,948,62
2026-06-06 20:09:48,11412,341.74,290.71,948,62
2026-06-06 20:09:58,11412,339.75,288.72,946,62
2026-06-06 20:09:58,11412,339.75,288.72,946,62
2026-06-06 20:10:08,11412,339.68,288.61,946,60
2026-06-06 20:10:08,11412,339.68,288.61,946,60
2026-06-06 20:10:18,11412,339.68,288.61,946,60
2026-06-06 20:10:18,11412,339.68,288.61,946,60
2026-06-06 20:10:28,11412,341.32,290.22,915,59
2026-06-06 20:10:28,11412,341.32,290.22,915,59
2026-06-06 20:10:38,11412,342.52,291.47,918,60
2026-06-06 20:10:38,11412,342.52,291.47,918,60
2026-06-06 20:10:48,11412,342.59,291.57,924,62
2026-06-06 20:10:48,11412,342.59,291.57,924,62
2026-06-06 20:10:58,11412,341.77,290.87,940,68
2026-06-06 20:10:58,11412,341.77,290.87,940,68
2026-06-06 20:11:08,11412,342.79,292.11,940,68
2026-06-06 20:11:08,11412,342.79,292.11,940,68
2026-06-06 20:11:18,11412,342.56,291.69,940,60
2026-06-06 20:11:19,11412,342.56,291.69,940,60
2026-06-06 20:11:28,11412,342.78,291.72,948,60
2026-06-06 20:11:29,11412,342.79,291.72,948,60
2026-06-06 20:11:38,11412,344.59,293.54,948,60
2026-06-06 20:11:39,11412,344.59,293.54,948,60
2026-06-06 20:11:48,11412,344.76,293.76,927,60
2026-06-06 20:11:49,11412,344.76,293.76,927,60
2026-06-06 20:11:58,11412,343.96,293.1,946,67
2026-06-06 20:11:59,11412,343.96,293.1,946,67
2026-06-06 20:12:08,11412,343.96,293.1,946,67
2026-06-06 20:12:09,11412,343.96,293.1,946,67
2026-06-06 20:12:18,11412,343.73,292.71,940,60
2026-06-06 20:12:19,11412,343.73,292.71,940,60
2026-06-06 20:12:29,11412,344.1,293.11,945,61
2026-06-06 20:12:29,11412,344.1,293.11,945,61
2026-06-06 20:12:39,11412,345.8,294.89,945,61
2026-06-06 20:12:39,11412,345.8,294.89,945,61
2026-06-06 20:12:49,11412,345.84,294.89,945,61
2026-06-06 20:12:49,11412,345.84,294.89,945,61
2026-06-06 20:12:59,11412,344.84,293.84,943,60
2026-06-06 20:12:59,11412,344.84,293.84,943,60
2026-06-06 20:13:09,11412,344.89,293.84,943,60
2026-06-06 20:13:09,11412,344.89,293.84,943,60
2026-06-06 20:13:19,11412,345.29,294.29,919,59
2026-06-06 20:13:19,11412,345.29,294.29,919,59
2026-06-06 20:13:29,11412,346.97,295.95,927,61
2026-06-06 20:13:29,11412,346.97,295.95,927,61
2026-06-06 20:13:39,11412,348.86,297.84,927,61
2026-06-06 20:13:39,11412,348.86,297.84,927,61
2026-06-06 20:13:49,11412,348.88,297.84,927,61
2026-06-06 20:13:49,11412,348.88,297.84,927,61
2026-06-06 20:13:59,11412,349.06,298.08,942,66
2026-06-06 20:13:59,11412,349.06,298.08,942,66
2026-06-06 20:14:09,11412,347.27,296.34,940,66
2026-06-06 20:14:09,11412,347.27,296.34,940,66
2026-06-06 20:14:19,11412,348.54,297.71,940,62
2026-06-06 20:14:19,11412,348.54,297.71,940,62
2026-06-06 20:14:29,11412,348.56,297.63,948,60
2026-06-06 20:14:29,11412,348.56,297.63,948,60
2026-06-06 20:14:39,11412,350.51,299.37,948,59
2026-06-06 20:14:39,11412,350.51,299.37,948,59
2026-06-06 20:14:49,11412,350.56,299.42,951,60
2026-06-06 20:14:49,11412,350.56,299.42,951,60
2026-06-06 20:14:59,11412,350.77,299.72,969,66
2026-06-06 20:14:59,11412,350.77,299.72,969,66
2026-06-06 20:15:09,11412,349.78,299.03,967,66
2026-06-06 20:15:09,11412,349.78,299.03,967,66
2026-06-06 20:15:19,11412,348.44,297.57,967,62
2026-06-06 20:15:19,11412,348.44,297.57,967,62
2026-06-06 20:15:29,11412,348.48,297.56,975,61
2026-06-06 20:15:29,11412,348.48,297.56,975,61
2026-06-06 20:15:39,11412,350.41,299.29,976,61
2026-06-06 20:15:39,11412,350.41,299.29,976,61
2026-06-06 20:15:49,11412,350.44,299.29,976,61
2026-06-06 20:15:49,11412,350.44,299.29,976,61
2026-06-06 20:15:59,11412,348.66,297.57,973,61
2026-06-06 20:15:59,11412,348.66,297.57,973,61
2026-06-06 20:16:09,11412,349.58,299.49,952,66
2026-06-06 20:16:09,11412,349.58,299.49,952,66
2026-06-06 20:16:19,11412,349.61,299.49,952,66
2026-06-06 20:16:19,11412,349.61,299.49,952,66
2026-06-06 20:16:29,11412,349.46,299.18,952,60
2026-06-06 20:16:29,11412,349.46,299.18,952,60
2026-06-06 20:16:39,11412,344.33,293.05,939,64
2026-06-06 20:16:39,11412,344.33,293.05,939,64
2026-06-06 20:16:49,11412,344.31,292.96,936,63
2026-06-06 20:16:49,11412,344.31,292.96,936,63
2026-06-06 20:16:59,11412,345.32,294.12,927,61
2026-06-06 20:16:59,11412,345.32,294.12,927,61
2026-06-06 20:17:09,11412,347.09,295.91,925,60
2026-06-06 20:17:09,11412,347.09,295.91,925,60
2026-06-06 20:17:19,11412,347.14,295.91,925,60
2026-06-06 20:17:19,11412,347.14,295.91,925,60
2026-06-06 20:17:29,11412,347.12,295.83,919,59
2026-06-06 20:17:29,11412,347.12,295.83,919,59
2026-06-06 20:17:39,11412,349.22,297.9,924,61
2026-06-06 20:17:39,11412,349.22,297.9,924,61
2026-06-06 20:17:49,11412,349.28,297.9,924,61
2026-06-06 20:17:49,11412,349.28,297.9,924,61
2026-06-06 20:17:59,11412,350,298.91,924,61
2026-06-06 20:17:59,11412,350,298.91,924,61
2026-06-06 20:18:09,11412,333.69,282.76,925,62
2026-06-06 20:18:09,11412,333.69,282.76,925,62
2026-06-06 20:18:19,11412,334.81,284.44,925,62
2026-06-06 20:18:19,11412,334.81,284.44,925,62
2026-06-06 20:18:29,11412,336.57,286.94,925,60
2026-06-06 20:18:39,11412,342.92,292.98,927,60
2026-06-06 20:18:39,11412,342.92,292.98,927,60
2026-06-06 20:18:49,11412,343.04,293,927,60
2026-06-06 20:18:49,11412,343.05,293,927,60
2026-06-06 20:18:59,11412,343.18,293.1,933,62
2026-06-06 20:18:59,11412,343.19,293.1,933,62
2026-06-06 20:19:09,11412,342.34,292.18,922,63
2026-06-06 20:19:09,11412,342.34,292.18,922,63
2026-06-06 20:19:19,11412,343.41,293.2,922,63
2026-06-06 20:19:19,11412,343.41,293.2,922,63
2026-06-06 20:19:29,11412,343.37,293.1,922,61
2026-06-06 20:19:29,11412,343.37,293.1,922,61
2026-06-06 20:19:39,11412,344.34,294.18,936,63
2026-06-06 20:19:39,11412,344.25,294.06,933,62
2026-06-06 20:19:49,11412,344.27,294.06,933,62
2026-06-06 20:19:49,11412,344.27,294.06,933,62
2026-06-06 20:19:59,11412,344.25,294.01,933,61
2026-06-06 20:19:59,11412,344.26,294.01,933,61
2026-06-06 20:20:09,11412,343.23,292.93,925,60
2026-06-06 20:20:09,11412,343.23,292.93,925,60
2026-06-06 20:20:19,11412,343.25,292.93,925,60
2026-06-06 20:20:19,11412,343.25,292.93,925,60
2026-06-06 20:20:29,11412,343.29,292.93,925,60
2026-06-06 20:20:29,11412,343.29,292.93,925,60
2026-06-06 20:20:39,11412,344.02,293.4,930,62
2026-06-06 20:20:39,11412,344.03,293.4,930,62
2026-06-06 20:20:49,11412,344.06,293.4,930,62
2026-06-06 20:20:49,11412,344.06,293.4,930,62
2026-06-06 20:20:59,11412,344.05,293.36,930,61
2026-06-06 20:21:00,11412,344.05,293.36,930,61
2026-06-06 20:21:09,11412,343.09,292.36,928,61
2026-06-06 20:21:10,11412,343.09,292.36,928,61
2026-06-06 20:21:19,11412,343.09,292.36,928,61
2026-06-06 20:21:20,11412,343.09,292.36,928,61
2026-06-06 20:21:29,11412,343.02,292.23,928,59
2026-06-06 20:21:30,11412,343.02,292.23,928,59
2026-06-06 20:21:39,11412,343.64,292.33,936,59
2026-06-06 20:21:40,11412,343.64,292.33,936,59
2026-06-06 20:21:49,11412,344.69,293.38,939,60
2026-06-06 20:21:50,11412,344.69,293.38,939,60
2026-06-06 20:21:59,11412,343.58,292.28,936,61
2026-06-06 20:22:00,11412,343.58,292.28,936,61
2026-06-06 20:22:09,11412,342.72,291.53,949,66
2026-06-06 20:22:10,11412,342.72,291.53,949,66
2026-06-06 20:22:19,11412,342.72,291.53,949,66
2026-06-06 20:22:20,11412,342.72,291.53,949,66
2026-06-06 20:22:29,11412,342.52,291.2,943,60
2026-06-06 20:22:30,11412,342.52,291.2,943,60
2026-06-06 20:22:39,11412,342.57,291.24,951,60
2026-06-06 20:22:40,11412,342.57,291.24,951,60
2026-06-06 20:22:49,11412,344.52,293.19,951,60
2026-06-06 20:22:50,11412,344.52,293.19,951,60
2026-06-06 20:22:59,11412,344.52,293.19,951,60
2026-06-06 20:23:00,11412,344.52,293.19,951,60
2026-06-06 20:23:09,11412,344.71,293.5,957,66
2026-06-06 20:23:10,11412,343.71,292.5,955,66
2026-06-06 20:23:19,11412,341.82,292.5,955,66
2026-06-06 20:23:20,11412,341.82,292.5,955,66
